{"cameraMode":{"drawMode":0,"name":"Shaded","section":"Shading Mode"},"sceneLighting":false,"audioPlay":false,"sceneViewState":{"m_AlwaysRefresh":false,"showFog":true,"showSkybox":false,"showFlares":true,"showImageEffects":true,"showParticleSystems":true,"showVisualEffectGraphs":true,"m_FxEnabled":true},"in2DMode":false,"pivot":{"x":3.5762786865234377e-7,"y":0.8579723834991455,"z":-0.048681288957595828},"rotation":{"x":-0.5258798599243164,"y":0.46320804953575137,"z":-0.42534586787223818,"w":-0.5726969242095947},"size":2.1386241912841799,"orthographic":false}